{
  "threshold": 0.36,
  "accuracy": 0.44,
  "precision": 0.4239,
  "recall": 0.9286,
  "f1": 0.5821,
  "roc_auc": 0.5677,
  "brier": 0.2406,
  "confusion_matrix": [
    [
      5,
      53
    ],
    [
      3,
      39
    ]
  ],
  "classification_report": {
    "0": {
      "precision": 0.625,
      "recall": 0.08620689655172414,
      "f1-score": 0.15151515151515152,
      "support": 58.0
    },
    "1": {
      "precision": 0.42391304347826086,
      "recall": 0.9285714285714286,
      "f1-score": 0.582089552238806,
      "support": 42.0
    },
    "accuracy": 0.44,
    "macro avg": {
      "precision": 0.5244565217391304,
      "recall": 0.5073891625615764,
      "f1-score": 0.36680235187697874,
      "support": 100.0
    },
    "weighted avg": {
      "precision": 0.5405434782608696,
      "recall": 0.44,
      "f1-score": 0.3323563998190864,
      "support": 100.0
    }
  },
  "decision_threshold": 0.36,
  "threshold_selection": {
    "best_f1": 0.605,
    "best_precision": 0.4675
  },
  "model": {
    "name": "extra_trees",
    "best_params": {
      "model__max_depth": 6,
      "model__max_features": 0.8,
      "model__min_samples_leaf": 2,
      "model__min_samples_split": 8,
      "model__n_estimators": 400
    },
    "validation_roc_auc": 0.5546,
    "calibration": "sigmoid"
  },
  "comparison": [
    {
      "model_name": "logistic_regression",
      "cv_roc_auc": 0.6157142857142857,
      "val_roc_auc": 0.535303776683087,
      "val_brier": 0.25430056569226195
    },
    {
      "model_name": "random_forest",
      "cv_roc_auc": 0.6322301228183581,
      "val_roc_auc": 0.5176518883415435,
      "val_brier": 0.2544861484236364
    },
    {
      "model_name": "extra_trees",
      "cv_roc_auc": 0.6376594699418229,
      "val_roc_auc": 0.5545977011494253,
      "val_brier": 0.2529930249606698
    },
    {
      "model_name": "gradient_boosting",
      "cv_roc_auc": 0.6529440206851972,
      "val_roc_auc": 0.48727422003284077,
      "val_brier": 0.2613556055408319
    }
  ],
  "dataset": {
    "rows": 500,
    "features": [
      "company_size",
      "prev_purchases",
      "response_time",
      "last_contact",
      "deal_value",
      "industry",
      "region",
      "source"
    ],
    "target": "converted",
    "split": {
      "train": 300,
      "validation": 100,
      "test": 100
    }
  }
}